{
  "lineage": "ffhq",
  "train_fake": "stylegan2",
  "holdout_fake": "stylegan3",
  "features": "radial+dct",
  "n_per_class": 500,
  "detection": {
    "RandomForest": {
      "indist_auc": 0.6350152777777778,
      "indist_acc": 0.5983333333333334,
      "holdout_fake_rate": 0.4573333333333333,
      "real_test_fpr": 0.395,
      "holdout_vs_real_auc": 0.5380605555555557
    },
    "SVM_rbf": {
      "indist_auc": 0.7378583333333333,
      "indist_acc": 0.6691666666666667,
      "holdout_fake_rate": 0.37333333333333335,
      "real_test_fpr": 0.33666666666666667,
      "holdout_vs_real_auc": 0.5330377777777777
    }
  },
  "classes": [
    "real",
    "stylegan2",
    "stylegan3"
  ],
  "feature_space": {
    "holdout_nn_same_class": 0.374,
    "holdout_focused_auc": 0.49776167721042086,
    "class_distance_matrix": [
      [
        26.020107466666808,
        25.49987262051824,
        25.837167935898478
      ],
      [
        25.499872620518236,
        24.972270363792056,
        25.295926677158562
      ],
      [
        25.83716793589848,
        25.29592667715856,
        25.59983190959832
      ]
    ]
  },
  "mean_radial_spectrum": {
    "real": [
      31.607360520212364,
      27.074078607792277,
      25.722929574064963,
      24.948980489221775,
      24.29029618765084,
      23.597911001490328,
      23.16082004837634,
      22.665590619996628,
      22.271020029510783,
      21.98831046160866,
      21.664815086939328,
      21.472941593310797,
      21.19721847989875,
      20.951603612345803,
      20.763576422020503,
      20.560953385322158,
      20.404146309858277,
      20.19595072315169,
      20.034403143597803,
      19.87779202085378,
      19.743400597933295,
      19.56599399880456,
      19.44812010253897,
      19.3208152574012,
      19.18635790486652,
      19.056441263253326,
      18.91712765475789,
      18.83426432436965,
      18.73729019523277,
      18.603938533905804,
      18.520548894141637,
      18.407928759088794,
      18.337973874443136,
      18.237389066230733,
      18.132544845407747,
      18.08400088343687,
      17.977097090414443,
      17.917441612407263,
      17.809183801240188,
      17.752287876546838,
      17.70496089610762,
      17.600824959201418,
      17.54383624263982,
      17.45609047423098,
      17.411407639010967,
      17.357025012747602,
      17.277220717635103,
      17.231215322285657,
      17.156348494722792,
      17.11612594034839,
      17.037749124092233,
      16.989358495567004,
      16.957589608442294,
      16.878991641878702,
      16.852617439280028,
      16.766862541142814,
      16.74377100551686,
      16.691971752540116,
      16.63970056584158,
      16.59659840189048,
      16.533447765153277,
      16.50176797015241,
      16.45131644242702,
      16.40741283515878,
      16.37487387628953,
      16.30798475354809,
      16.28797846046154,
      16.236176607571267,
      16.183699688104824,
      16.165133366638333,
      16.10998695890361,
      16.08879395552768,
      16.023544169452514,
      15.99771301280693,
      15.95959887446118,
      15.919664228180222,
      15.882009843748651,
      15.839665843958144,
      15.819144576995415,
      15.773192296163367,
      15.73158090627987,
      15.70643344945752,
      15.658911177444493,
      15.643136335524497,
      15.595530876967954,
      15.558257502657762,
      15.52382062424054,
      15.489222154124306,
      15.468865540975086,
      15.405218140076144,
      15.389483146295131,
      15.351751819083889,
      15.319970441943319,
      15.28637726052805,
      15.242793501191926,
      15.220844740536615,
      15.183252424034327,
      15.137098448497348,
      15.115550563110132,
      15.067670994054405,
      15.051040559208651,
      14.998046540172572,
      14.971990054696674,
      14.95061915819732,
      14.903913635910143,
      14.882825465595527,
      14.834798176886498,
      14.808167220891102,
      14.784592953897594,
      14.746762554812229,
      14.712838879220559,
      14.673245758692058,
      14.648284851851948,
      14.617604348877576,
      14.57078659794275,
      14.554302131099716,
      14.533362158746357,
      14.492771055677256,
      14.464213587320206,
      14.434654256147246,
      14.412824148009012,
      14.396417694900476,
      14.352978630338614,
      14.310174676217287,
      14.321722194417214,
      14.2768496865808,
      14.282352771367304,
      14.233951361598065
    ],
    "stylegan2": [
      31.595386393676435,
      27.07379934704068,
      25.71636382016377,
      24.94700002164281,
      24.289105978559572,
      23.584296975987993,
      23.12906758218426,
      22.64595985188773,
      22.241619667242198,
      21.96143659154302,
      21.62717958241762,
      21.43267571020184,
      21.1582954765866,
      20.92280964391023,
      20.7357777048273,
      20.531053010425396,
      20.36919067576404,
      20.15574286573061,
      20.000880694764575,
      19.837362550323363,
      19.706489520162716,
      19.520060742074918,
      19.39770337336609,
      19.27895578570557,
      19.13720324003631,
      19.01037460875858,
      18.864393286543063,
      18.785693163920367,
      18.68352680402723,
      18.557462190543994,
      18.469060426652288,
      18.362478612359286,
      18.302811257080908,
      18.19758286382171,
      18.093865271576224,
      18.046850811478237,
      17.935961962581395,
      17.882669448968038,
      17.769695354702115,
      17.71004639356927,
      17.657526614814888,
      17.554448770894034,
      17.498692208451345,
      17.414935065621552,
      17.371879928399757,
      17.3200606110729,
      17.23569796632604,
      17.1911765385312,
      17.111699434238613,
      17.075376682242215,
      17.00125077321009,
      16.948440599687085,
      16.918697119354086,
      16.833984598727163,
      16.809860624926426,
      16.72070566945417,
      16.70059161719447,
      16.651376332666583,
      16.59894900821042,
      16.555854053547762,
      16.496601823651226,
      16.463959434848338,
      16.414729007834637,
      16.365722090335,
      16.339415055666457,
      16.2644547792456,
      16.252856288811078,
      16.20018408905248,
      16.146395674737807,
      16.12860326672486,
      16.066125317078786,
      16.051376396325892,
      15.986014530029129,
      15.958582288227158,
      15.925334781114616,
      15.882422953306971,
      15.84934118663962,
      15.804345526922075,
      15.784160037040854,
      15.738294989885157,
      15.698368082388546,
      15.676461929278902,
      15.625956954012583,
      15.60564458248711,
      15.558188984697267,
      15.520142498766628,
      15.486982735094493,
      15.446593331694885,
      15.42902895099101,
      15.363232197022386,
      15.351066270885916,
      15.312114084691531,
      15.274274107044455,
      15.243962089891664,
      15.201704142812694,
      15.184619184838807,
      15.141387516654397,
      15.093254738699194,
      15.072472871242265,
      15.025451913179262,
      15.012445307200935,
      14.957094789010984,
      14.933714838241809,
      14.91193257633777,
      14.857436985548025,
      14.836947028069778,
      14.786461402291312,
      14.761516244175654,
      14.733232902218747,
      14.697147836845385,
      14.66548341991332,
      14.624923272305828,
      14.604892447171798,
      14.573522265194624,
      14.530256404177686,
      14.5104250741239,
      14.488512765018328,
      14.451370104635158,
      14.423403701559737,
      14.3961779827218,
      14.377717529687308,
      14.363489071087752,
      14.322661776616682,
      14.282347274532519,
      14.291741420853048,
      14.245760259971638,
      14.252940195123275,
      14.210323100979835
    ],