{
  "lineage": "ffhq",
  "train_fake": "stylegan3",
  "holdout_fake": "stylegan2",
  "features": "radial+dct",
  "n_per_class": 500,
  "detection": {
    "RandomForest": {
      "indist_auc": 0.9241819444444445,
      "indist_acc": 0.845,
      "holdout_fake_rate": 0.8673333333333333,
      "real_test_fpr": 0.16666666666666666,
      "holdout_vs_real_auc": 0.9272466666666668
    },
    "SVM_rbf": {
      "indist_auc": 0.9843055555555555,
      "indist_acc": 0.9441666666666667,
      "holdout_fake_rate": 0.9293333333333333,
      "real_test_fpr": 0.06666666666666667,
      "holdout_vs_real_auc": 0.979133888888889
    }
  },
  "classes": [
    "real",
    "stylegan2",
    "stylegan3"
  ],
  "feature_space": {
    "holdout_nn_same_class": 0.452,
    "holdout_focused_auc": 0.5314916835911824,
    "class_distance_matrix": [
      [
        25.272122816266645,
        24.950282057581784,
        25.610628725937385
      ],
      [
        24.95028205758179,
        23.626185133952212,
        24.42488413825155
      ],
      [
        25.610628725937385,
        24.42488413825155,
        25.196145035172368
      ]
    ]
  },
  "mean_radial_spectrum": {
    "real": [
      31.60688696657253,
      27.072041937568844,
      25.702245153257827,
      24.929193116953538,
      24.279168185673882,
      23.593870467822224,
      23.149080448443826,
      22.67745747736435,
      22.26582258002219,
      21.984517477354675,
      21.667318260091967,
      21.47069546793829,
      21.188373427229923,
      20.956251012044635,
      20.76415720856725,
      20.565805965906247,
      20.40975608462969,
      20.196829860979904,
      20.043163351870916,
      19.872504236509283,
      19.74296509754617,
      19.56271605027633,
      19.439760308797926,
      19.318325314489403,
      19.183688363864846,
      19.050608723842213,
      18.91102512281891,
      18.83177559988279,
      18.733840079595304,
      18.59533149026863,
      18.511561884119867,
      18.397513795916655,
      18.328530978053482,
      18.226671782844015,
      18.117658307575752,
      18.068679384770533,
      17.961869674591846,
      17.90052843843182,
      17.785260395190875,
      17.728887993572073,
      17.67649273214624,
      17.574783778699455,
      17.5152026312491,
      17.42832460824043,
      17.378733891887332,
      17.3239139497295,
      17.240991465964736,
      17.19094902411955,
      17.115666839278045,
      17.068600828904376,
      16.99076791381287,
      16.94190385069781,
      16.900677759437915,
      16.818994479237503,
      16.7906058181389,
      16.699330175080387,
      16.674159979722486,
      16.619274449907234,
      16.56422511859582,
      16.518177519314797,
      16.451557956858576,
      16.41497276197869,
      16.35882669808271,
      16.3083262191144,
      16.275718085101353,
      16.20229674115441,
      16.181894457795085,
      16.12368100168162,
      16.06645455090757,
      16.045768303045513,
      15.986799124508513,
      15.96032695197801,
      15.894948379358452,
      15.861290293922064,
      15.821761296358531,
      15.776213620721594,
      15.735766781765195,
      15.686264159276114,
      15.66093764626238,
      15.612252120247886,
      15.563806220338277,
      15.535524127702878,
      15.481973886810424,
      15.464424039565806,
      15.410369911337593,
      15.372800116421772,
      15.336285608271481,
      15.29503105241348,
      15.277888934551415,
      15.201581537969787,
      15.19260657385491,
      15.145281464781531,
      15.107629535380651,
      15.075475040624003,
      15.027907414583563,
      15.012843504527666,
      14.973141956288991,
      14.924962711911464,
      14.904148286451047,
      14.854235659142597,
      14.842492621138444,
      14.783165922064116,
      14.762859209173735,
      14.74200999874081,
      14.688334232267582,
      14.67577142000634,
      14.621640030029734,
      14.60662536261297,
      14.582698909982769,
      14.54593606653636,
      14.516172109569641,
      14.472766131364263,
      14.457299923685353,
      14.427734349905341,
      14.385319196331618,
      14.374580918949901,
      14.355368565446774,
      14.320843324666258,
      14.290316741836115,
      14.268600609405127,
      14.250537410078577,
      14.240583176098736,
      14.206612644731788,
      14.15919885056709,
      14.184613348250096,
      14.13624452526099,
      14.154201712630286,
      14.106266987480696
    ],
    "stylegan2": [
      31.5953863936765,
      27.073799347040733,
      25.71636382016377,
      24.947000021642776,
      24.28910597855956,
      23.58429697598798,
      23.129067582184298,
      22.64595985188772,
      22.241619667242198,
      21.961436591543034,
      21.627179582417654,
      21.432675710201817,
      21.158295476586627,
      20.922809643910195,
      20.735777704827342,
      20.53105301042541,
      20.369190675764038,
      20.155742865730602,
      20.00088069476465,
      19.837362550323334,
      19.706489520162684,
      19.52006074207494,
      19.39770337336612,
      19.278955785705584,
      19.13720324003635,
      19.01037460875859,
      18.864393286542985,
      18.785693163920367,
      18.683526804027224,
      18.557462190543987,
      18.46906042665221,
      18.362478612359343,
      18.302811257080894,
      18.197582863821722,
      18.093865271576192,
      18.04685081147823,
      17.935961962581402,
      17.882669448968034,
      17.76969535470215,
      17.710046393569257,
      17.657526614814913,
      17.55444877089399,
      17.49869220845141,
      17.414935065621545,
      17.37187992839968,
      17.32006061107292,
      17.23569796632602,
      17.191176538531245,
      17.11169943423861,
      17.075376682242236,
      17.00125077321012,
      16.94844059968704,
      16.918697119354054,
      16.833984598727156,
      16.8098606249264,
      16.72070566945418,
      16.700591617194444,
      16.651376332666597,
      16.59894900821046,
      16.555854053547783,
      16.49660182365122,
      16.463959434848334,
      16.414729007834648,
      16.36572209033502,
      16.339415055666468,
      16.264454779245565,
      16.252856288811014,
      16.200184089052495,
      16.146395674737782,
      16.128603266724916,
      16.066125317078804,
      16.051376396325917,
      15.986014530029076,
      15.958582288227149,
      15.925334781114636,
      15.882422953306964,
      15.849341186639613,
      15.804345526922082,
      15.78416003704081,
      15.738294989885093,
      15.698368082388585,
      15.676461929278906,
      15.625956954012556,
      15.605644582487054,
      15.558188984697194,
      15.520142498766605,
      15.486982735094442,
      15.446593331694874,
      15.42902895099097,
      15.363232197022347,
      15.351066270885882,
      15.31211408469151,
      15.274274107044459,
      15.243962089891633,
      15.201704142812746,
      15.184619184838839,
      15.141387516654413,
      15.093254738699198,
      15.072472871242237,
      15.025451913179264,
      15.012445307200954,
      14.957094789010963,
      14.933714838241794,
      14.91193257633775,
      14.85743698554804,
      14.836947028069796,
      14.786461402291305,
      14.761516244175661,
      14.733232902218699,
      14.697147836845385,
      14.665483419913278,
      14.624923272305802,
      14.604892447171816,
      14.573522265194603,
      14.530256404177717,
      14.51042507412387,
      14.488512765018289,
      14.451370104635163,
      14.423403701559774,
      14.39617798272184,
      14.377717529687315,
      14.36348907108774,
      14.322661776616703,
      14.28234727453251,
      14.291741420853027,
      14.245760259971668,
      14.252940195123221,
      14.210323100979833
    ],