{
  "lineage": "ffhq",
  "train_fake": "stylegan2",
  "holdout_fake": "stylegan3",
  "features": "radial+dct",
  "n_per_class": 500,
  "detection": {
    "RandomForest": {
      "indist_auc": 0.9221305555555556,
      "indist_acc": 0.8483333333333334,
      "holdout_fake_rate": 0.7993333333333333,
      "real_test_fpr": 0.16666666666666666,
      "holdout_vs_real_auc": 0.900116388888889
    },
    "SVM_rbf": {
      "indist_auc": 0.9824527777777777,
      "indist_acc": 0.9308333333333333,
      "holdout_fake_rate": 0.92,
      "real_test_fpr": 0.07166666666666667,
      "holdout_vs_real_auc": 0.9787861111111111
    }
  },
  "classes": [
    "real",
    "stylegan2",
    "stylegan3"
  ],
  "feature_space": {
    "holdout_nn_same_class": 0.414,
    "holdout_focused_auc": 0.5036779444649299,
    "class_distance_matrix": [
      [
        25.594585912555132,
        25.583183305795806,
        25.761403289153442
      ],
      [
        25.583183305795806,
        24.651398009303513,
        24.97485865114686
      ],
      [
        25.761403289153442,
        24.97485865114686,
        25.279796317510286
      ]
    ]
  },
  "mean_radial_spectrum": {
    "real": [
      31.60688696657253,
      27.072041937568844,
      25.702245153257827,
      24.929193116953538,
      24.279168185673882,
      23.593870467822224,
      23.149080448443826,
      22.67745747736435,
      22.26582258002219,
      21.984517477354675,
      21.667318260091967,
      21.47069546793829,
      21.188373427229923,
      20.956251012044635,
      20.76415720856725,
      20.565805965906247,
      20.40975608462969,
      20.196829860979904,
      20.043163351870916,
      19.872504236509283,
      19.74296509754617,
      19.56271605027633,
      19.439760308797926,
      19.318325314489403,
      19.183688363864846,
      19.050608723842213,
      18.91102512281891,
      18.83177559988279,
      18.733840079595304,
      18.59533149026863,
      18.511561884119867,
      18.397513795916655,
      18.328530978053482,
      18.226671782844015,
      18.117658307575752,
      18.068679384770533,
      17.961869674591846,
      17.90052843843182,
      17.785260395190875,
      17.728887993572073,
      17.67649273214624,
      17.574783778699455,
      17.5152026312491,
      17.42832460824043,
      17.378733891887332,
      17.3239139497295,
      17.240991465964736,
      17.19094902411955,
      17.115666839278045,
      17.068600828904376,
      16.99076791381287,
      16.94190385069781,
      16.900677759437915,
      16.818994479237503,
      16.7906058181389,
      16.699330175080387,
      16.674159979722486,
      16.619274449907234,
      16.56422511859582,
      16.518177519314797,
      16.451557956858576,
      16.41497276197869,
      16.35882669808271,
      16.3083262191144,
      16.275718085101353,
      16.20229674115441,
      16.181894457795085,
      16.12368100168162,
      16.06645455090757,
      16.045768303045513,
      15.986799124508513,
      15.96032695197801,
      15.894948379358452,
      15.861290293922064,
      15.821761296358531,
      15.776213620721594,
      15.735766781765195,
      15.686264159276114,
      15.66093764626238,
      15.612252120247886,
      15.563806220338277,
      15.535524127702878,
      15.481973886810424,
      15.464424039565806,
      15.410369911337593,
      15.372800116421772,
      15.336285608271481,
      15.29503105241348,
      15.277888934551415,
      15.201581537969787,
      15.19260657385491,
      15.145281464781531,
      15.107629535380651,
      15.075475040624003,
      15.027907414583563,
      15.012843504527666,
      14.973141956288991,
      14.924962711911464,
      14.904148286451047,
      14.854235659142597,
      14.842492621138444,
      14.783165922064116,
      14.762859209173735,
      14.74200999874081,
      14.688334232267582,
      14.67577142000634,
      14.621640030029734,
      14.60662536261297,
      14.582698909982769,
      14.54593606653636,
      14.516172109569641,
      14.472766131364263,
      14.457299923685353,
      14.427734349905341,
      14.385319196331618,
      14.374580918949901,
      14.355368565446774,
      14.320843324666258,
      14.290316741836115,
      14.268600609405127,
      14.250537410078577,
      14.240583176098736,
      14.206612644731788,
      14.15919885056709,
      14.184613348250096,
      14.13624452526099,
      14.154201712630286,
      14.106266987480696
    ],
    "stylegan2": [
      31.595386393676435,
      27.07379934704068,
      25.71636382016377,
      24.94700002164281,
      24.289105978559572,
      23.584296975987993,
      23.12906758218426,
      22.64595985188773,
      22.241619667242198,
      21.96143659154302,
      21.62717958241762,
      21.43267571020184,
      21.1582954765866,
      20.92280964391023,
      20.7357777048273,
      20.531053010425396,
      20.36919067576404,
      20.15574286573061,
      20.000880694764575,
      19.837362550323363,
      19.706489520162716,
      19.520060742074918,
      19.39770337336609,
      19.27895578570557,
      19.13720324003631,
      19.01037460875858,
      18.864393286543063,
      18.785693163920367,
      18.68352680402723,
      18.557462190543994,
      18.469060426652288,
      18.362478612359286,
      18.302811257080908,
      18.19758286382171,
      18.093865271576224,
      18.046850811478237,
      17.935961962581395,
      17.882669448968038,
      17.769695354702115,
      17.71004639356927,
      17.657526614814888,
      17.554448770894034,
      17.498692208451345,
      17.414935065621552,
      17.371879928399757,
      17.3200606110729,
      17.23569796632604,
      17.1911765385312,
      17.111699434238613,
      17.075376682242215,
      17.00125077321009,
      16.948440599687085,
      16.918697119354086,
      16.833984598727163,
      16.809860624926426,
      16.72070566945417,
      16.70059161719447,
      16.651376332666583,
      16.59894900821042,
      16.555854053547762,
      16.496601823651226,
      16.463959434848338,
      16.414729007834637,
      16.365722090335,
      16.339415055666457,
      16.2644547792456,
      16.252856288811078,
      16.20018408905248,
      16.146395674737807,
      16.12860326672486,
      16.066125317078786,
      16.051376396325892,
      15.986014530029129,
      15.958582288227158,
      15.925334781114616,
      15.882422953306971,
      15.84934118663962,
      15.804345526922075,
      15.784160037040854,
      15.738294989885157,
      15.698368082388546,
      15.676461929278902,
      15.625956954012583,
      15.60564458248711,
      15.558188984697267,
      15.520142498766628,
      15.486982735094493,
      15.446593331694885,
      15.42902895099101,
      15.363232197022386,
      15.351066270885916,
      15.312114084691531,
      15.274274107044455,
      15.243962089891664,
      15.201704142812694,
      15.184619184838807,
      15.141387516654397,
      15.093254738699194,
      15.072472871242265,
      15.025451913179262,
      15.012445307200935,
      14.957094789010984,
      14.933714838241809,
      14.91193257633777,
      14.857436985548025,
      14.836947028069778,
      14.786461402291312,
      14.761516244175654,
      14.733232902218747,
      14.697147836845385,
      14.66548341991332,
      14.624923272305828,
      14.604892447171798,
      14.573522265194624,
      14.530256404177686,
      14.5104250741239,
      14.488512765018328,
      14.451370104635158,
      14.423403701559737,
      14.3961779827218,
      14.377717529687308,
      14.363489071087752,
      14.322661776616682,
      14.282347274532519,
      14.291741420853048,
      14.245760259971638,
      14.252940195123275,
      14.210323100979835
    ],