{
  "lineage": "ffhq",
  "train_fake": "stylegan3",
  "holdout_fake": "stylegan2",
  "features": "radial+dct",
  "n_per_class": 500,
  "detection": {
    "RandomForest": {
      "indist_auc": 0.5351694444444444,
      "indist_acc": 0.5225,
      "holdout_fake_rate": 0.4716666666666667,
      "real_test_fpr": 0.47,
      "holdout_vs_real_auc": 0.49619861111111113
    },
    "SVM_rbf": {
      "indist_auc": 0.5537833333333333,
      "indist_acc": 0.5283333333333333,
      "holdout_fake_rate": 0.48833333333333334,
      "real_test_fpr": 0.4766666666666667,
      "holdout_vs_real_auc": 0.5088844444444445
    }
  },
  "classes": [
    "real",
    "stylegan2",
    "stylegan3"
  ],
  "feature_space": {
    "holdout_nn_same_class": 0.402,
    "holdout_focused_auc": 0.5217156438156313,
    "class_distance_matrix": [
      [
        25.596864932874272,
        24.732843375711628,
        25.515805410730852
      ],
      [
        24.73284337571163,
        23.836838882650085,
        24.640204043246563
      ],
      [
        25.515805410730852,
        24.640204043246566,
        25.416044368863968
      ]
    ]
  },
  "mean_radial_spectrum": {
    "real": [
      31.607360520212364,
      27.074078607792277,
      25.722929574064963,
      24.948980489221775,
      24.29029618765084,
      23.597911001490328,
      23.16082004837634,
      22.665590619996628,
      22.271020029510783,
      21.98831046160866,
      21.664815086939328,
      21.472941593310797,
      21.19721847989875,
      20.951603612345803,
      20.763576422020503,
      20.560953385322158,
      20.404146309858277,
      20.19595072315169,
      20.034403143597803,
      19.87779202085378,
      19.743400597933295,
      19.56599399880456,
      19.44812010253897,
      19.3208152574012,
      19.18635790486652,
      19.056441263253326,
      18.91712765475789,
      18.83426432436965,
      18.73729019523277,
      18.603938533905804,
      18.520548894141637,
      18.407928759088794,
      18.337973874443136,
      18.237389066230733,
      18.132544845407747,
      18.08400088343687,
      17.977097090414443,
      17.917441612407263,
      17.809183801240188,
      17.752287876546838,
      17.70496089610762,
      17.600824959201418,
      17.54383624263982,
      17.45609047423098,
      17.411407639010967,
      17.357025012747602,
      17.277220717635103,
      17.231215322285657,
      17.156348494722792,
      17.11612594034839,
      17.037749124092233,
      16.989358495567004,
      16.957589608442294,
      16.878991641878702,
      16.852617439280028,
      16.766862541142814,
      16.74377100551686,
      16.691971752540116,
      16.63970056584158,
      16.59659840189048,
      16.533447765153277,
      16.50176797015241,
      16.45131644242702,
      16.40741283515878,
      16.37487387628953,
      16.30798475354809,
      16.28797846046154,
      16.236176607571267,
      16.183699688104824,
      16.165133366638333,
      16.10998695890361,
      16.08879395552768,
      16.023544169452514,
      15.99771301280693,
      15.95959887446118,
      15.919664228180222,
      15.882009843748651,
      15.839665843958144,
      15.819144576995415,
      15.773192296163367,
      15.73158090627987,
      15.70643344945752,
      15.658911177444493,
      15.643136335524497,
      15.595530876967954,
      15.558257502657762,
      15.52382062424054,
      15.489222154124306,
      15.468865540975086,
      15.405218140076144,
      15.389483146295131,
      15.351751819083889,
      15.319970441943319,
      15.28637726052805,
      15.242793501191926,
      15.220844740536615,
      15.183252424034327,
      15.137098448497348,
      15.115550563110132,
      15.067670994054405,
      15.051040559208651,
      14.998046540172572,
      14.971990054696674,
      14.95061915819732,
      14.903913635910143,
      14.882825465595527,
      14.834798176886498,
      14.808167220891102,
      14.784592953897594,
      14.746762554812229,
      14.712838879220559,
      14.673245758692058,
      14.648284851851948,
      14.617604348877576,
      14.57078659794275,
      14.554302131099716,
      14.533362158746357,
      14.492771055677256,
      14.464213587320206,
      14.434654256147246,
      14.412824148009012,
      14.396417694900476,
      14.352978630338614,
      14.310174676217287,
      14.321722194417214,
      14.2768496865808,
      14.282352771367304,
      14.233951361598065
    ],
    "stylegan2": [
      31.5953863936765,
      27.073799347040733,
      25.71636382016377,
      24.947000021642776,
      24.28910597855956,
      23.58429697598798,
      23.129067582184298,
      22.64595985188772,
      22.241619667242198,
      21.961436591543034,
      21.627179582417654,
      21.432675710201817,
      21.158295476586627,
      20.922809643910195,
      20.735777704827342,
      20.53105301042541,
      20.369190675764038,
      20.155742865730602,
      20.00088069476465,
      19.837362550323334,
      19.706489520162684,
      19.52006074207494,
      19.39770337336612,
      19.278955785705584,
      19.13720324003635,
      19.01037460875859,
      18.864393286542985,
      18.785693163920367,
      18.683526804027224,
      18.557462190543987,
      18.46906042665221,
      18.362478612359343,
      18.302811257080894,
      18.197582863821722,
      18.093865271576192,
      18.04685081147823,
      17.935961962581402,
      17.882669448968034,
      17.76969535470215,
      17.710046393569257,
      17.657526614814913,
      17.55444877089399,
      17.49869220845141,
      17.414935065621545,
      17.37187992839968,
      17.32006061107292,
      17.23569796632602,
      17.191176538531245,
      17.11169943423861,
      17.075376682242236,
      17.00125077321012,
      16.94844059968704,
      16.918697119354054,
      16.833984598727156,
      16.8098606249264,
      16.72070566945418,
      16.700591617194444,
      16.651376332666597,
      16.59894900821046,
      16.555854053547783,
      16.49660182365122,
      16.463959434848334,
      16.414729007834648,
      16.36572209033502,
      16.339415055666468,
      16.264454779245565,
      16.252856288811014,
      16.200184089052495,
      16.146395674737782,
      16.128603266724916,
      16.066125317078804,
      16.051376396325917,
      15.986014530029076,
      15.958582288227149,
      15.925334781114636,
      15.882422953306964,
      15.849341186639613,
      15.804345526922082,
      15.78416003704081,
      15.738294989885093,
      15.698368082388585,
      15.676461929278906,
      15.625956954012556,
      15.605644582487054,
      15.558188984697194,
      15.520142498766605,
      15.486982735094442,
      15.446593331694874,
      15.42902895099097,
      15.363232197022347,
      15.351066270885882,
      15.31211408469151,
      15.274274107044459,
      15.243962089891633,
      15.201704142812746,
      15.184619184838839,
      15.141387516654413,
      15.093254738699198,
      15.072472871242237,
      15.025451913179264,
      15.012445307200954,
      14.957094789010963,
      14.933714838241794,
      14.91193257633775,
      14.85743698554804,
      14.836947028069796,
      14.786461402291305,
      14.761516244175661,
      14.733232902218699,
      14.697147836845385,
      14.665483419913278,
      14.624923272305802,
      14.604892447171816,
      14.573522265194603,
      14.530256404177717,
      14.51042507412387,
      14.488512765018289,
      14.451370104635163,
      14.423403701559774,
      14.39617798272184,
      14.377717529687315,
      14.36348907108774,
      14.322661776616703,
      14.28234727453251,
      14.291741420853027,
      14.245760259971668,
      14.252940195123221,
      14.210323100979833
    ],