{
  "lineage": "ffhq",
  "train_fake": "stylegan2",
  "holdout_fake": "stylegan3",
  "features": "radial+dct",
  "n_per_class": 500,
  "detection": {
    "RandomForest": {
      "indist_auc": 0.8044652777777779,
      "indist_acc": 0.725,
      "holdout_fake_rate": 0.7103333333333334,
      "real_test_fpr": 0.315,
      "holdout_vs_real_auc": 0.7793477777777778
    },
    "SVM_rbf": {
      "indist_auc": 0.9291027777777778,
      "indist_acc": 0.8575,
      "holdout_fake_rate": 0.8243333333333334,
      "real_test_fpr": 0.14166666666666666,
      "holdout_vs_real_auc": 0.9149066666666668
    }
  },
  "classes": [
    "real",
    "stylegan2",
    "stylegan3"
  ],
  "feature_space": {
    "holdout_nn_same_class": 0.392,
    "holdout_focused_auc": 0.5039786020200401,
    "class_distance_matrix": [
      [
        25.520972320629166,
        25.47433708285358,
        25.60007414443167
      ],
      [
        25.474337082853577,
        24.62190399401333,
        24.874288629143162
      ],
      [
        25.60007414443167,
        24.874288629143162,
        25.13194571715749
      ]
    ]
  },
  "mean_radial_spectrum": {
    "real": [
      31.606887839389145,
      27.072109041368616,
      25.70228648973213,
      24.929218950414835,
      24.2791711005555,
      23.593889608712878,
      23.149085933186555,
      22.677450757104904,
      22.26581147085082,
      21.984530147796526,
      21.66729540269159,
      21.470693542096992,
      21.188472948343417,
      20.956240589657245,
      20.76425436889073,
      20.56591220506337,
      20.409799099970275,
      20.19683784017577,
      20.043436344397946,
      19.87278755643759,
      19.743229738006182,
      19.563013570286937,
      19.440027079376183,
      19.318705780733314,
      19.184138869101115,
      19.051044212639617,
      18.911440922501026,
      18.832481589139356,
      18.734602465445946,
      18.596133798218048,
      18.512344000637196,
      18.398527518891942,
      18.32985450951185,
      18.2279062393637,
      18.11902767517189,
      18.070055601885684,
      17.963325541672315,
      17.901965751428328,
      17.787038481017145,
      17.73079456154503,
      17.67839223793845,
      17.57680690216202,
      17.517329938103007,
      17.431033131458783,
      17.381604260703252,
      17.326849341160703,
      17.243872932737652,
      17.194265774291715,
      17.11951711769052,
      17.072235430307476,
      16.99534888338622,
      16.94651391930168,
      16.905597146191468,
      16.824453491008686,
      16.79639722220404,
      16.705672275450176,
      16.680857507841477,
      16.62583314574735,
      16.571346423749667,
      16.52584363039067,
      16.459623343400025,
      16.42376878394884,
      16.367764178509585,
      16.31901667011202,
      16.28806399994804,
      16.214760528143,
      16.193181914689408,
      16.13527292063314,
      16.07829432424989,
      16.057457493995155,
      15.999423978895841,
      15.972978390509718,
      15.908388374043954,
      15.874227302819799,
      15.83521961586588,
      15.790599625901933,
      15.750264620513178,
      15.700621753806326,
      15.675610512993012,
      15.626050334842914,
      15.577745840308046,
      15.550568841775915,
      15.495173288591847,
      15.478070544578273,
      15.423527858583157,
      15.386376463875107,
      15.349537161288632,
      15.306727816159142,
      15.290541368063165,
      15.211401230266997,
      15.202919649097206,
      15.15475356185776,
      15.11634666050211,
      15.083919384944535,
      15.034075657996024,
      15.01869672778822,
      14.975776313751856,
      14.92681609662546,
      14.909551476188884,
      14.853120956263004,
      14.844509116270364,
      14.781679522021179,
      14.761454298366285,
      14.74069229208916,
      14.68332762076155,
      14.672921960280489,
      14.613821867356753,
      14.601939487733791,
      14.576875724359978,
      14.538857750182357,
      14.511596365914949,
      14.466597538940732,
      14.452398815674332,
      14.422511164523748,
      14.379929931702298,
      14.371874645212388,
      14.352134364483085,
      14.320660191062704,
      14.288738542453633,
      14.269852792607239,
      14.253195847377167,
      14.247966325867308,
      14.21455036127068,
      14.166713007180562,
      14.194447295068906,
      14.14586809599783,
      14.1651693121732,
      14.105957381622245
    ],
    "stylegan2": [
      31.595383343593838,
      27.073932701857636,
      25.716461195792867,
      24.94709065067772,
      24.289242384864433,
      23.58440264042071,
      23.129150328021147,
      22.64606964875845,
      22.241758502936825,
      21.961584887304916,
      21.627327974017625,
      21.432814822697452,
      21.158498774875323,
      20.923045416163628,
      20.735973171325714,
      20.531287974388004,
      20.36946314888114,
      20.156075541605453,
      20.001269181705045,
      19.837829459381837,
      19.707128457836344,
      19.520674436817803,
      19.398291924194332,
      19.279584204401896,
      19.13788018296644,
      19.011223418556284,
      18.865153960092343,
      18.786495913048245,
      18.684605588561357,
      18.558440412604618,
      18.470194751913755,
      18.363817123528687,
      18.304677408403556,
      18.199240671238424,
      18.095432476707447,
      18.048434907015103,
      17.937739550521698,
      17.884651366522814,
      17.77167960161092,
      17.71214585499642,
      17.659791733404358,
      17.5572340228868,
      17.50154124141812,
      17.417964131940714,
      17.374864506496795,
      17.32354341009438,
      17.239568617931308,
      17.19496940355885,
      17.115872237213395,
      17.079920489738146,
      17.006226230659106,
      16.953891286843973,
      16.924323898630604,
      16.840358688496742,
      16.81617150851565,
      16.727412046576834,
      16.707835661173966,
      16.65894265028529,
      16.60677209463004,
      16.564071043209296,
      16.505949751117384,
      16.473530451393923,
      16.424772475341424,
      16.37744556057633,
      16.35258104148865,
      16.27803078864305,
      16.265487866674825,
      16.212125840548833,
      16.16017705124996,
      16.142006841417384,
      16.08093174625075,
      16.065351970495218,
      16.000219205386934,
      15.973724086050426,
      15.94142139519298,
      15.899464851443652,
      15.86575255122424,
      15.82091285493368,
      15.801475091910676,
      15.754650097002113,
      15.715181773036194,
      15.694295349434352,
      15.643101916341909,
      15.6232510665229,
      15.574177299657121,
      15.537639939528143,
      15.504312606426726,
      15.461977673277929,
      15.445437548642168,
      15.378757826829244,
      15.365806867498398,
      15.326094195585203,
      15.287021234596843,
      15.254271078460524,
      15.21025536417193,
      15.191505238287625,
      15.1477747732532,
      15.100215235101015,
      15.080607967780132,
      15.027646372173301,
      15.013996613973827,
      14.957293334132785,
      14.931519692425598,
      14.91016284887933,
      14.854665882215901,
      14.837575073876826,
      14.781103462412784,
      14.75901293319594,
      14.730061172771366,
      14.69238482252586,
      14.662800488338828,
      14.618982383395686,
      14.60068563928362,
      14.568973752161913,
      14.524249105208504,
      14.509773465801581,
      14.486004052495558,
      14.45145538720783,
      14.421835650640995,
      14.398866770461302,
      14.37826764587123,
      14.369780769720819,
      14.330880919064784,
      14.28821120352298,
      14.305242207534976,
      14.257416002804545,
      14.270018739538743,
      14.216249579464195
    ],